{
  "name": "imagesloaded",
  "description": "JavaScript is all like _You images done yet or what?_",
  "main": "imagesloaded.js",
  "dependencies": {
    "ev-emitter": "^1.0.0"
  },
  "devDependencies": {
    "jquery": ">=1.9 <4.0",
    "qunit": "~1.20.0"
  },
  "ignore": [
    "**/.*",
    "test",
    "package.json",
    "composer.json",
    "node_modules",
    "bower_components",
    "tests",
    "sandbox/",
    "contributing.md"
  ],
  "homepage": "http://imagesloaded.desandro.com",
  "authors": [
    "David DeSandro"
  ],
  "moduleType": [
    "amd",
    "globals",
    "node"
  ],
  "keywords": [
    "images"
  ],
  "license": "MIT",
  "version": "4.1.3",
  "_release": "4.1.3",
  "_resolution": {
    "type": "version",
    "tag": "v4.1.3",
    "commit": "31b7f6bde34bb9714351f99c14d0839cd84221a4"
  },
  "_source": "https://github.com/desandro/imagesloaded.git",
  "_target": "~4.1.0",
  "_originalSource": "imagesloaded"
}