{
  "name": "masonry",
  "version": "4.0.0",
  "description": "Cascading grid layout library",
  "main": "masonry.js",
  "dependencies": {
    "get-size": "~2.0.2",
    "outlayer": "~2.0.0"
  },
  "devDependencies": {
    "jquery-bridget": "~2.0.0",
    "qunit": "^1.12",
    "jquery": ">=1.4.3 <4"
  },
  "ignore": [
    "**/.*",
    "node_modules",
    "bower_components",
    "test",
    "tests",
    "sandbox/",
    "CONTRIBUTING.mdown",
    "gulpfile.js",
    "package.json"
  ],
  "homepage": "http://masonry.desandro.com",
  "authors": [
    "David DeSandro"
  ],
  "keywords": [
    "masonry",
    "layout",
    "outlayer"
  ],
  "license": "MIT",
  "moduleType": [
    "amd",
    "globals",
    "node"
  ],
  "_release": "4.0.0",
  "_resolution": {
    "type": "version",
    "tag": "v4.0.0",
    "commit": "707ac6eebf112b2413cee2e9ed6457fba346cabc"
  },
  "_source": "https://github.com/desandro/masonry.git",
  "_target": "~4.0.0",
  "_originalSource": "masonry"
}