{
  "name": "matchHeight",
  "version": "0.7.2",
  "homepage": "https://github.com/liabru/jquery-match-height",
  "authors": [
    "Liam Brummitt <liam@brm.io> (http://brm.io/)"
  ],
  "description": "a more robust, responsive equal heights plugin for jQuery",
  "main": "dist/jquery.matchHeight.js",
  "keywords": [
    "matchHeight",
    "equal",
    "match",
    "height",
    "equalize",
    "columns"
  ],
  "license": "MIT",
  "ignore": [
    "**/.*",
    "node_modules",
    "bower_components",
    "test",
    "tests"
  ],
  "_release": "0.7.2",
  "_resolution": {
    "type": "version",
    "tag": "0.7.2",
    "commit": "2446ac654f694bc05a1297cbab0b2d875e278bbd"
  },
  "_source": "https://github.com/liabru/jquery-match-height.git",
  "_target": "0.7.2",
  "_originalSource": "matchheight"
}